Category,ID,X,Y
B,8e7d4d47-71cd-11ed-a7dd-085bd6358b67,7417.87,7951.936
F,8e7e3efd-71cd-11ed-bc51-085bd6358b67,290.052,4656.227
G,8e7e4067-71cd-11ed-bc5f-085bd6358b67,6489.746,9009.005
B,8e7e413d-71cd-11ed-873e-085bd6358b67,4690.69,2465.728
A,8e7e41fc-71cd-11ed-a2cc-085bd6358b67,5739.412,131.142
C,8e7e42c5-71cd-11ed-8dde-085bd6358b67,2794.824,9163.454
C,8e7e4379-71cd-11ed-b101-085bd6358b67,1596.042,7971.47
F,8e7e4426-71cd-11ed-88e1-085bd6358b67,6174.525,1266.992
A,8e7e44d5-71cd-11ed-801d-085bd6358b67,2094.564,2154.812
G,8e7e4599-71cd-11ed-bedf-085bd6358b67,8724.078,2893.052
G,8e7e4653-71cd-11ed-bd88-085bd6358b67,5392.235,6778.305
G,8e7e4707-71cd-11ed-8d1b-085bd6358b67,9409.76,6906.419
C,8e7e47b3-71cd-11ed-bddc-085bd6358b67,2987.889,3611.899
G,8e7e4863-71cd-11ed-8a9f-085bd6358b67,2638.119,3318.545
F,8e7e490f-71cd-11ed-b450-085bd6358b67,5861.413,5959.79
B,8e7e49b5-71cd-11ed-ad4a-085bd6358b67,660.225,3553.514
C,8e7e4a5d-71cd-11ed-9396-085bd6358b67,6964.198,1847.732
G,8e7e4b29-71cd-11ed-9e3e-085bd6358b67,570.009,9750.996
B,8e7e4bd6-71cd-11ed-8176-085bd6358b67,8448.809,180.675
C,8e7e4c86-71cd-11ed-b26a-085bd6358b67,3661.845,5785.188
C,8e7e4d31-71cd-11ed-8094-085bd6358b67,467.271,1809.195
G,8e7e4de3-71cd-11ed-bd21-085bd6358b67,1190.206,2460.868
C,8e7e4e91-71cd-11ed-b472-085bd6358b67,3443.818,3547.932
B,8e7e4f3a-71cd-11ed-a194-085bd6358b67,7756.03,1080.529
B,8e7e4fdf-71cd-11ed-afe5-085bd6358b67,8596.943,366.316
A,8e7e50b3-71cd-11ed-bc87-085bd6358b67,2084.834,5128.801
G,8e7e515c-71cd-11ed-9735-085bd6358b67,3399.595,9241.976
A,8e7e5203-71cd-11ed-a2e3-085bd6358b67,3124.504,3168.0
A,8e7e52b1-71cd-11ed-8b5b-085bd6358b67,6268.058,7211.35
C,8e7e535d-71cd-11ed-93cb-085bd6358b67,1615.295,485.522
F,8e7e5408-71cd-11ed-bf26-085bd6358b67,5335.307,4058.88
F,8e7e54b0-71cd-11ed-8f30-085bd6358b67,3438.329,2502.089
C,8e7e555b-71cd-11ed-a9a9-085bd6358b67,1456.29,9790.506
A,8e7e560c-71cd-11ed-a8da-085bd6358b67,8016.644,3341.853
G,8e7e56b8-71cd-11ed-8d40-085bd6358b67,9813.005,5640.476
C,8e7e575e-71cd-11ed-887f-085bd6358b67,1066.306,4345.552
A,8e7e580b-71cd-11ed-898d-085bd6358b67,8447.339,2948.129
F,8e7e58b0-71cd-11ed-9d00-085bd6358b67,8522.527,9760.076
C,8e7e5962-71cd-11ed-9d06-085bd6358b67,6888.39,3177.023
B,8e7e5a0c-71cd-11ed-9189-085bd6358b67,4700.808,9018.605
C,8e7e5ab5-71cd-11ed-8734-085bd6358b67,8220.55,5317.519
C,8e7e5b62-71cd-11ed-8b7b-085bd6358b67,8677.989,1801.203
B,8e7e5c0e-71cd-11ed-9f7a-085bd6358b67,5151.789,5481.005
B,8e7e5cb7-71cd-11ed-a02e-085bd6358b67,631.088,7951.518
F,8e7e5d5b-71cd-11ed-96c3-085bd6358b67,6640.184,7596.387
F,8e7e5e05-71cd-11ed-9742-085bd6358b67,7044.696,2808.521
B,8e7e5ead-71cd-11ed-9f15-085bd6358b67,7697.475,6908.83
B,8e7e5f54-71cd-11ed-92ce-085bd6358b67,6496.921,5806.608
C,8e7e5ffb-71cd-11ed-80bd-085bd6358b67,5469.909,2506.923
B,8e7e60a6-71cd-11ed-aafc-085bd6358b67,4629.39,8166.797
B,8e7e6152-71cd-11ed-a96f-085bd6358b67,3478.845,6440.631
C,8e7e61fe-71cd-11ed-af38-085bd6358b67,3500.452,8428.796
C,8e7e62b7-71cd-11ed-b7ac-085bd6358b67,9761.222,9565.165
G,8e7e6368-71cd-11ed-a129-085bd6358b67,5293.401,1661.726
B,8e7e6413-71cd-11ed-b58b-085bd6358b67,9373.817,4772.389
A,8e7e64bb-71cd-11ed-ac40-085bd6358b67,7196.865,7303.534
F,8e7e6564-71cd-11ed-8aff-085bd6358b67,7803.716,5808.453
C,8e7e6619-71cd-11ed-aa98-085bd6358b67,3026.661,5532.078
B,8e7e671e-71cd-11ed-b77f-085bd6358b67,7204.145,276.22
F,8e7e67dc-71cd-11ed-8a3d-085bd6358b67,4410.684,6501.171
G,8e7e688e-71cd-11ed-8e04-085bd6358b67,6308.652,418.617
G,8e7e693d-71cd-11ed-9e2e-085bd6358b67,1657.455,8918.099
B,8e7e69e5-71cd-11ed-8717-085bd6358b67,9679.805,4826.619
A,8e7e6a8c-71cd-11ed-a317-085bd6358b67,4154.898,3510.998
F,8e7e6b32-71cd-11ed-aa66-085bd6358b67,719.77,2043.663
B,8e7e6bde-71cd-11ed-adf3-085bd6358b67,6.606,4053.757
C,8e7e6c8e-71cd-11ed-91d3-085bd6358b67,8664.012,6888.553
B,8e7e6d37-71cd-11ed-a306-085bd6358b67,9643.707,5499.329
A,8e7e6ddb-71cd-11ed-9349-085bd6358b67,2952.813,5126.477
F,8e7e6e84-71cd-11ed-bcde-085bd6358b67,2931.918,3516.182
C,8e7e6f29-71cd-11ed-8844-085bd6358b67,4092.428,5639.201
B,8e7e6fd7-71cd-11ed-a274-085bd6358b67,4674.723,1567.754
F,8e7e707b-71cd-11ed-987e-085bd6358b67,4770.313,1991.574
F,8e7e7122-71cd-11ed-8882-085bd6358b67,908.312,8212.343
A,8e7e71c8-71cd-11ed-aa58-085bd6358b67,3818.538,3260.422
F,8e7e7271-71cd-11ed-baa7-085bd6358b67,5394.236,3254.398
F,8e7e7316-71cd-11ed-b818-085bd6358b67,3758.483,4316.838
C,8e7e73cd-71cd-11ed-8e7c-085bd6358b67,2914.946,9724.546
C,8e7e7473-71cd-11ed-984e-085bd6358b67,9611.391,9137.473
F,8e7e751a-71cd-11ed-a621-085bd6358b67,2598.247,9809.806
B,8e7e75c1-71cd-11ed-9fc3-085bd6358b67,4154.917,3191.525
B,8e7e7668-71cd-11ed-befe-085bd6358b67,4917.547,2863.984
A,8e7e770f-71cd-11ed-9e86-085bd6358b67,1218.86,6216.866
G,8e7e77ba-71cd-11ed-9c61-085bd6358b67,2931.031,7817.063
C,8e7e785d-71cd-11ed-b4ea-085bd6358b67,132.033,5325.647
G,8e7e7907-71cd-11ed-9185-085bd6358b67,9352.531,7819.072
C,8e7e79b0-71cd-11ed-8fb8-085bd6358b67,2676.885,1547.657
B,8e7e7a7b-71cd-11ed-bf48-085bd6358b67,2931.883,6080.376
F,8e7e7b22-71cd-11ed-9e60-085bd6358b67,6448.766,6038.537
A,8e7e7bca-71cd-11ed-af95-085bd6358b67,161.728,1260.323
F,8e7e7c73-71cd-11ed-9211-085bd6358b67,7080.273,6135.715
F,8e7e7d1d-71cd-11ed-aecd-085bd6358b67,266.158,3497.647
F,8e7e7dc5-71cd-11ed-aba1-085bd6358b67,1324.796,28.361
C,8e7e7e97-71cd-11ed-a368-085bd6358b67,6857.329,1076.006
F,8e7e7f47-71cd-11ed-abfe-085bd6358b67,1911.793,4296.705
C,8e7e7ff8-71cd-11ed-b3ae-085bd6358b67,5948.921,6890.173
C,8e7e80b5-71cd-11ed-bd02-085bd6358b67,8586.929,8412.004
C,8e7e815e-71cd-11ed-9e72-085bd6358b67,6823.282,7196.094
B,8e7e8203-71cd-11ed-b987-085bd6358b67,4650.847,7581.967
A,8e7e82ac-71cd-11ed-936f-085bd6358b67,6946.215,4328.201
C,8e7e8356-71cd-11ed-9253-085bd6358b67,9106.756,1426.842
F,8e7e83fe-71cd-11ed-9e9e-085bd6358b67,8886.9,9729.218
G,8e7e84ac-71cd-11ed-a26d-085bd6358b67,4255.608,5414.062
A,8e7e8552-71cd-11ed-831b-085bd6358b67,7326.343,2672.048
A,8e7e85f7-71cd-11ed-8573-085bd6358b67,6636.014,255.533
C,8e7e869b-71cd-11ed-ae3f-085bd6358b67,9786.86,9983.345
C,8e7e8745-71cd-11ed-ace1-085bd6358b67,488.929,8420.626
F,8e7e87ed-71cd-11ed-8e07-085bd6358b67,6457.374,9522.45
G,8e7e8894-71cd-11ed-ad98-085bd6358b67,9940.531,7057.739
G,8e7e893b-71cd-11ed-9c07-085bd6358b67,1830.858,1852.861
G,8e7e89e2-71cd-11ed-b354-085bd6358b67,672.279,2131.388
A,8e7e8a88-71cd-11ed-a38d-085bd6358b67,6602.117,7455.261
A,8e7e8b30-71cd-11ed-91e9-085bd6358b67,5711.033,1183.541
F,8e7e8bd6-71cd-11ed-9981-085bd6358b67,1343.329,4316.705
F,8e7e8c7e-71cd-11ed-9421-085bd6358b67,4894.438,3534.029
B,8e7e8d28-71cd-11ed-a9fe-085bd6358b67,9147.948,1382.324
G,8e7e8dd1-71cd-11ed-92dc-085bd6358b67,5686.482,6779.472
F,8e7e8e75-71cd-11ed-9293-085bd6358b67,5498.836,2205.906
F,8e7e8f21-71cd-11ed-840b-085bd6358b67,2356.323,8326.079
F,8e7e8feb-71cd-11ed-9223-085bd6358b67,9751.03,8080.288
B,8e7e9093-71cd-11ed-b743-085bd6358b67,4533.382,3889.036
A,8e7e9139-71cd-11ed-8865-085bd6358b67,6550.137,852.434
A,8e7e91e1-71cd-11ed-aabf-085bd6358b67,911.783,1247.916
C,8e7e928c-71cd-11ed-a603-085bd6358b67,2385.851,8769.266
B,8e7e9333-71cd-11ed-9ebf-085bd6358b67,1075.739,5307.026
C,8e7e93df-71cd-11ed-a2b1-085bd6358b67,536.592,1508.011
C,8e7e9485-71cd-11ed-bcee-085bd6358b67,6811.126,2230.88
A,8e7e952d-71cd-11ed-876d-085bd6358b67,9726.975,6650.628
G,8e7e95d8-71cd-11ed-b484-085bd6358b67,1397.652,6247.975
G,8e7e9680-71cd-11ed-96ac-085bd6358b67,2898.021,9305.4
B,8e7e972a-71cd-11ed-ad24-085bd6358b67,7960.415,3781.389
B,8e7e97d2-71cd-11ed-ae41-085bd6358b67,6478.897,8045.032
B,8e7ea2c0-71cd-11ed-9bbc-085bd6358b67,5174.912,5926.268
G,8e7ea395-71cd-11ed-a4b0-085bd6358b67,7401.6,3955.099
A,8e7ea453-71cd-11ed-8635-085bd6358b67,331.656,2024.075
C,8e7ea52c-71cd-11ed-8286-085bd6358b67,8892.575,4809.921
B,8e7ea5ec-71cd-11ed-b0a9-085bd6358b67,4.396,4701.866
F,8e7ea6a6-71cd-11ed-b8f2-085bd6358b67,9217.138,3232.585
A,8e7ea764-71cd-11ed-9d8f-085bd6358b67,1916.019,6533.618
B,8e7ea811-71cd-11ed-848e-085bd6358b67,8690.672,8689.165
G,8e7ea8bf-71cd-11ed-9e0e-085bd6358b67,5520.631,1102.368
G,8e7ea971-71cd-11ed-b461-085bd6358b67,7503.679,6719.86
C,8e7eaa2a-71cd-11ed-821f-085bd6358b67,8963.582,3442.985
B,8e7eaabf-71cd-11ed-b020-085bd6358b67,3160.649,588.937
C,8e7eab52-71cd-11ed-8164-085bd6358b67,4717.317,9454.044
B,8e7eabf1-71cd-11ed-878b-085bd6358b67,2911.007,6744.654
G,8e7eac8c-71cd-11ed-aeac-085bd6358b67,335.321,7148.07
G,8e7ead27-71cd-11ed-a4c8-085bd6358b67,6564.692,6175.815
B,8e7eadbd-71cd-11ed-ba58-085bd6358b67,6805.249,1844.762
B,8e7eae5a-71cd-11ed-9722-085bd6358b67,668.787,9936.2
G,8e7eaef5-71cd-11ed-9df4-085bd6358b67,7758.42,1756.455
A,8e7eaf8e-71cd-11ed-8d5c-085bd6358b67,6458.736,4306.48
B,8e7eb026-71cd-11ed-be6d-085bd6358b67,62.727,608.669
C,8e7eb0bb-71cd-11ed-b1df-085bd6358b67,1697.574,332.697
F,8e7eb16f-71cd-11ed-b579-085bd6358b67,5652.006,9395.047
A,8e7eb204-71cd-11ed-addb-085bd6358b67,2369.951,8031.936
C,8e7eb29c-71cd-11ed-85e2-085bd6358b67,537.615,2434.636
C,8e7eb330-71cd-11ed-833a-085bd6358b67,3973.189,601.387
C,8e7eb3c3-71cd-11ed-9058-085bd6358b67,4458.769,6404.935
A,8e7eb458-71cd-11ed-b801-085bd6358b67,9501.357,1944.972
F,8e7eb4eb-71cd-11ed-ac86-085bd6358b67,6405.538,1880.589
A,8e7eb57f-71cd-11ed-8ef5-085bd6358b67,9269.343,7907.991
F,8e7eb612-71cd-11ed-858e-085bd6358b67,9851.654,1619.363
G,8e7eb6cd-71cd-11ed-84d2-085bd6358b67,6249.483,4412.116
C,8e7eb769-71cd-11ed-96e3-085bd6358b67,4231.806,7681.199
G,8e7eb7fc-71cd-11ed-a16d-085bd6358b67,7256.386,9129.987
C,8e7eb890-71cd-11ed-93af-085bd6358b67,8915.089,9996.822
A,8e7eb926-71cd-11ed-a37c-085bd6358b67,1387.165,4832.229
B,8e7eb9b6-71cd-11ed-b1e9-085bd6358b67,8194.377,3128.76
F,8e7eba4e-71cd-11ed-884e-085bd6358b67,819.85,2448.496
C,8e7ebae3-71cd-11ed-8565-085bd6358b67,9677.696,6662.988
A,8e7ebb76-71cd-11ed-91a7-085bd6358b67,4926.603,2487.765
G,8e7ebc06-71cd-11ed-ad07-085bd6358b67,7961.811,8826.597
A,8e7ebc9d-71cd-11ed-b8ac-085bd6358b67,718.752,7694.569
F,8e7ebd32-71cd-11ed-984f-085bd6358b67,0.753,2859.09
G,8e7ebdcf-71cd-11ed-bc2e-085bd6358b67,5747.289,4421.826
A,8e7ebe68-71cd-11ed-b446-085bd6358b67,7280.202,7011.767
A,8e7ebf48-71cd-11ed-9121-085bd6358b67,8120.76,3824.053
B,8e7ebfe1-71cd-11ed-8855-085bd6358b67,659.289,1693.628
C,8e7ec07e-71cd-11ed-90ce-085bd6358b67,6758.966,2855.212
F,8e7ec112-71cd-11ed-8410-085bd6358b67,7637.878,5572.25
A,8e7ec1a4-71cd-11ed-81c2-085bd6358b67,506.306,1301.182
C,8e7ec23b-71cd-11ed-96db-085bd6358b67,8597.982,9492.197
A,8e7ec2d1-71cd-11ed-a72b-085bd6358b67,2310.971,4289.032
G,8e7ec364-71cd-11ed-9731-085bd6358b67,3303.72,124.459
F,8e7ec41a-71cd-11ed-a567-085bd6358b67,8269.23,7268.332
B,8e7ec4ae-71cd-11ed-8619-085bd6358b67,5303.123,1711.954
G,8e7ec541-71cd-11ed-ad67-085bd6358b67,4462.152,9385.376
C,8e7ec5d5-71cd-11ed-b2dd-085bd6358b67,1182.028,3170.748
G,8e7ec669-71cd-11ed-ba8f-085bd6358b67,4609.971,4341.545
A,8e7ec6fd-71cd-11ed-9c40-085bd6358b67,7675.009,9362.963
C,8e7ec78c-71cd-11ed-a216-085bd6358b67,9696.652,5960.155
G,8e7ec81f-71cd-11ed-86a0-085bd6358b67,8142.589,4194.573
G,8e7ec8c2-71cd-11ed-8359-085bd6358b67,9780.1,328.706
G,8e7ec95a-71cd-11ed-a4ed-085bd6358b67,4819.943,8817.892
C,8e7ec9ea-71cd-11ed-9922-085bd6358b67,2156.198,2770.447
B,8e7eca7d-71cd-11ed-8cdf-085bd6358b67,5624.325,3569.892
G,8e7ecb12-71cd-11ed-b011-085bd6358b67,3666.498,8088.409
A,8e7ecba4-71cd-11ed-b41c-085bd6358b67,6181.542,4008.574
G,8e7ecc3e-71cd-11ed-8927-085bd6358b67,8316.79,4901.13
A,8e7eccd5-71cd-11ed-826a-085bd6358b67,1695.561,987.201
B,8e7ecd6e-71cd-11ed-adee-085bd6358b67,9001.817,1993.17
B,8e7ecdff-71cd-11ed-b302-085bd6358b67,4771.504,4701.461
F,8e7ece92-71cd-11ed-a229-085bd6358b67,911.056,1989.819
A,8e7ecf98-71cd-11ed-ac13-085bd6358b67,1035.383,6053.321
G,8e7ed02e-71cd-11ed-a7bd-085bd6358b67,8132.624,222.175
A,8e7ed0c0-71cd-11ed-ab63-085bd6358b67,6102.412,5135.914
C,8e7ed155-71cd-11ed-a013-085bd6358b67,5456.55,6906.105
F,8e7ed1e8-71cd-11ed-9cc8-085bd6358b67,9238.884,6928.064
A,8e7ed282-71cd-11ed-aae4-085bd6358b67,5367.185,7986.818
F,8e7ed310-71cd-11ed-9738-085bd6358b67,201.576,7699.607
B,8e7ed3a9-71cd-11ed-8d3c-085bd6358b67,2863.953,273.382
B,8e7ed43c-71cd-11ed-b184-085bd6358b67,6106.842,8629.276
C,8e7ed4d1-71cd-11ed-bc38-085bd6358b67,3067.925,9291.897
G,8e7ed564-71cd-11ed-9193-085bd6358b67,720.33,7533.935
B,8e7ed5fc-71cd-11ed-aae0-085bd6358b67,8971.523,6876.748
F,8e7ed691-71cd-11ed-b5a5-085bd6358b67,6109.809,2087.454
A,8e7ed744-71cd-11ed-a111-085bd6358b67,8961.308,2390.856
F,8e7ed7dc-71cd-11ed-be60-085bd6358b67,4235.809,9690.671
C,8e7ed88b-71cd-11ed-aaf4-085bd6358b67,3779.798,7508.014
G,8e7ed925-71cd-11ed-a1d0-085bd6358b67,9101.748,6135.298
B,8e7ed9c5-71cd-11ed-98bf-085bd6358b67,1089.046,6887.868
B,8e7eda5a-71cd-11ed-a36b-085bd6358b67,2490.134,1000.612
B,8e7edaf2-71cd-11ed-92ce-085bd6358b67,7973.992,7971.733
G,8e7edb86-71cd-11ed-84fc-085bd6358b67,766.744,4130.368
G,8e7edc1a-71cd-11ed-8bde-085bd6358b67,6558.729,5699.205
F,8e7edcae-71cd-11ed-a818-085bd6358b67,7280.353,4168.49
C,8e7edd46-71cd-11ed-9b39-085bd6358b67,5287.697,9047.333
C,8e7edddb-71cd-11ed-9359-085bd6358b67,2807.487,6053.684
B,8e7ede69-71cd-11ed-bddc-085bd6358b67,1872.342,304.789
B,8e7edefe-71cd-11ed-8765-085bd6358b67,5625.753,6034.481
C,8e7edf95-71cd-11ed-8bc4-085bd6358b67,1902.831,5945.212
B,8e7ee025-71cd-11ed-a95d-085bd6358b67,7289.236,613.921
G,8e7ee0c1-71cd-11ed-9f05-085bd6358b67,8346.341,9572.102
G,8e7ee154-71cd-11ed-9461-085bd6358b67,8503.376,6451.813
G,8e7ee1e7-71cd-11ed-bb4f-085bd6358b67,8934.465,6152.867
C,8e7ee279-71cd-11ed-b30f-085bd6358b67,8399.102,15.864
G,8e7ee30a-71cd-11ed-ab07-085bd6358b67,1116.011,3357.36
F,8e7ee3a1-71cd-11ed-9788-085bd6358b67,7604.163,5749.739
B,8e7ee431-71cd-11ed-9c3b-085bd6358b67,8163.679,8037.143
F,8e7ee4c9-71cd-11ed-ada3-085bd6358b67,9569.011,6251.001
A,8e7ee55d-71cd-11ed-bdc4-085bd6358b67,3653.368,8141.997
G,8e7ee5f1-71cd-11ed-8c82-085bd6358b67,3241.763,1728.723
A,8e7ee681-71cd-11ed-b904-085bd6358b67,2458.55,9414.22
C,8e7ee71d-71cd-11ed-9dd2-085bd6358b67,56.197,9803.565
B,8e7ee7ad-71cd-11ed-bd93-085bd6358b67,1327.447,32.838
B,8e7ee845-71cd-11ed-9863-085bd6358b67,9450.289,721.946
B,8e7ee900-71cd-11ed-b0a0-085bd6358b67,158.313,8095.469
B,8e7ee9b4-71cd-11ed-bff0-085bd6358b67,7509.353,1954.197
C,8e7eea49-71cd-11ed-95fe-085bd6358b67,1416.199,9057.316
A,8e7eeadb-71cd-11ed-a91e-085bd6358b67,5756.807,2959.697
A,8e7eeb76-71cd-11ed-9590-085bd6358b67,5192.438,503.947
G,8e7eec0c-71cd-11ed-9aed-085bd6358b67,2710.596,7200.278
B,8e7eeca4-71cd-11ed-8955-085bd6358b67,9674.691,5533.474
G,8e7eed38-71cd-11ed-9bad-085bd6358b67,5413.597,3862.867
G,8e7eedcc-71cd-11ed-bbc5-085bd6358b67,918.2,3557.695
A,8e7eee60-71cd-11ed-b3e3-085bd6358b67,51.234,7659.107
A,8e7eeef3-71cd-11ed-971b-085bd6358b67,212.951,5623.3
C,8e7eef91-71cd-11ed-bd3b-085bd6358b67,8681.507,784.098
G,8e7ef024-71cd-11ed-be2d-085bd6358b67,1938.379,8034.768
C,8e7ef0b9-71cd-11ed-80c7-085bd6358b67,5192.089,9561.097
C,8e7ef15a-71cd-11ed-a64b-085bd6358b67,5078.131,529.955
F,8e7ef215-71cd-11ed-9922-085bd6358b67,4346.954,5935.388
F,8e7ef2b2-71cd-11ed-b9c0-085bd6358b67,6358.502,360.524
C,8e7ef350-71cd-11ed-8186-085bd6358b67,7695.598,4132.554
C,8e7ef3e8-71cd-11ed-b7f3-085bd6358b67,9153.556,3785.393
G,8e7ef47d-71cd-11ed-bff0-085bd6358b67,8917.793,1482.175
G,8e7ef514-71cd-11ed-b1fa-085bd6358b67,4221.347,9720.881
B,8e7ef5a9-71cd-11ed-bfa0-085bd6358b67,2166.972,4214.152
G,8e7ef63f-71cd-11ed-9156-085bd6358b67,4698.37,2865.086
A,8e7ef6d3-71cd-11ed-aaa8-085bd6358b67,7692.683,7580.408
A,8e7ef769-71cd-11ed-84ec-085bd6358b67,6874.315,359.149
G,8e7ef7fe-71cd-11ed-9a36-085bd6358b67,1965.296,184.82
C,8e7ef892-71cd-11ed-b502-085bd6358b67,9607.765,5989.113
C,8e7ef926-71cd-11ed-88b9-085bd6358b67,2365.563,9201.798
F,8e7ef9ba-71cd-11ed-bc01-085bd6358b67,311.0,1848.03
A,8e7efa52-71cd-11ed-9b75-085bd6358b67,2666.986,7538.777
B,8e7efae5-71cd-11ed-97de-085bd6358b67,7751.858,1519.788
F,8e7efb79-71cd-11ed-a12c-085bd6358b67,900.625,1109.833
C,8e7efc12-71cd-11ed-a92f-085bd6358b67,3749.888,3686.978
F,8e7efcc2-71cd-11ed-9e92-085bd6358b67,5817.018,9658.537
F,8e7efd56-71cd-11ed-8f6b-085bd6358b67,1404.672,175.232
C,8e7efdef-71cd-11ed-80ce-085bd6358b67,1335.985,4811.528
A,8e7efe88-71cd-11ed-ad2b-085bd6358b67,81.41,7711.312
G,8e7eff20-71cd-11ed-9ace-085bd6358b67,5041.63,6105.046
B,8e7effc3-71cd-11ed-b2be-085bd6358b67,560.595,5005.484
C,8e7f0055-71cd-11ed-8273-085bd6358b67,8841.245,7765.199
B,8e7f00e9-71cd-11ed-a3b2-085bd6358b67,4395.821,1025.415
B,8e7f017f-71cd-11ed-87e6-085bd6358b67,5687.124,2756.559
F,8e7f0213-71cd-11ed-a551-085bd6358b67,9496.541,9880.262
G,8e7f02a6-71cd-11ed-9350-085bd6358b67,5908.751,6823.844
C,8e7f033b-71cd-11ed-a942-085bd6358b67,552.061,2120.619
C,8e7f03ce-71cd-11ed-a7a2-085bd6358b67,984.606,5134.05
F,8e7f0462-71cd-11ed-b450-085bd6358b67,3730.981,4087.118
B,8e7f04f6-71cd-11ed-9d32-085bd6358b67,631.606,38.305
G,8e7f0589-71cd-11ed-a424-085bd6358b67,5668.285,422.104
A,8e7f061d-71cd-11ed-af7d-085bd6358b67,1168.772,8852.135
B,8e7f06ac-71cd-11ed-97f2-085bd6358b67,2633.021,2757.431
G,8e7f0740-71cd-11ed-b228-085bd6358b67,7411.577,2621.073
A,8e7f07d4-71cd-11ed-b511-085bd6358b67,6257.238,3886.12
G,8e7f0864-71cd-11ed-a83e-085bd6358b67,7020.12,5920.173
C,8e7f08fb-71cd-11ed-b803-085bd6358b67,9151.665,8363.518
G,8e7f098c-71cd-11ed-a602-085bd6358b67,5656.269,9016.866
F,8e7f0a43-71cd-11ed-96b9-085bd6358b67,1234.629,4558.935
F,8e7f0ae1-71cd-11ed-ac66-085bd6358b67,4943.77,8713.187
A,8e7f0b7c-71cd-11ed-828b-085bd6358b67,5888.552,1174.537
F,8e7f0c10-71cd-11ed-ae26-085bd6358b67,6113.236,6120.458
F,8e7f0ca3-71cd-11ed-8e2d-085bd6358b67,9490.213,1110.25
F,8e7f0d38-71cd-11ed-8419-085bd6358b67,928.057,668.347
B,8e7f0dcb-71cd-11ed-9d75-085bd6358b67,6488.731,8920.693
A,8e7f0e5f-71cd-11ed-ae22-085bd6358b67,9564.301,6797.881
A,8e7f0f0f-71cd-11ed-917e-085bd6358b67,4051.369,3053.047
B,8e7f0fa4-71cd-11ed-9d04-085bd6358b67,2990.553,8788.155
F,8e7f1037-71cd-11ed-94a8-085bd6358b67,6575.974,4980.379
G,8e7f10cb-71cd-11ed-985f-085bd6358b67,6559.908,9433.999
F,8e7f115e-71cd-11ed-9422-085bd6358b67,2052.468,882.031
A,8e7f11f7-71cd-11ed-9693-085bd6358b67,6398.997,4377.521
C,8e7f128b-71cd-11ed-a129-085bd6358b67,1748.084,1388.077
G,8e7f131f-71cd-11ed-9f6f-085bd6358b67,6871.951,4471.522
B,8e7f13b4-71cd-11ed-a4b0-085bd6358b67,9121.284,1450.58
F,8e7f1447-71cd-11ed-9124-085bd6358b67,4937.62,5361.148
G,8e7f14d7-71cd-11ed-b99c-085bd6358b67,5553.016,6623.817
F,8e7f1569-71cd-11ed-9ada-085bd6358b67,7842.796,8359.299
F,8e7f15fd-71cd-11ed-92ca-085bd6358b67,1078.252,2592.027
F,8e7f1690-71cd-11ed-96e2-085bd6358b67,2645.975,6293.795
A,8e7f1724-71cd-11ed-a900-085bd6358b67,9562.144,1164.732
A,8e7f17b8-71cd-11ed-b145-085bd6358b67,3364.111,1029.538
B,8e7f184b-71cd-11ed-a873-085bd6358b67,8443.393,5824.753
F,8e7f18df-71cd-11ed-8330-085bd6358b67,3841.274,6363.127
B,8e7f1978-71cd-11ed-ae55-085bd6358b67,998.487,8577.916
A,8e7f1a11-71cd-11ed-b87a-085bd6358b67,3119.295,2926.712
C,8e7f1aca-71cd-11ed-9593-085bd6358b67,9989.118,4085.469
B,8e7f1b63-71cd-11ed-843c-085bd6358b67,689.062,393.794
F,8e7f1bfc-71cd-11ed-860c-085bd6358b67,4066.159,4617.755
G,8e7f1c94-71cd-11ed-8496-085bd6358b67,4217.166,9392.832
B,8e7f1d28-71cd-11ed-a2a2-085bd6358b67,6515.414,6816.315
B,8e7f1db8-71cd-11ed-94b0-085bd6358b67,9459.798,4661.22
G,8e7f1e4f-71cd-11ed-8693-085bd6358b67,7687.08,1148.035
A,8e7f1ee4-71cd-11ed-a264-085bd6358b67,837.04,9872.252
C,8e7f1f76-71cd-11ed-a2bc-085bd6358b67,4374.764,2721.808
C,8e7f200f-71cd-11ed-a342-085bd6358b67,9729.431,4278.735
F,8e7f20a0-71cd-11ed-8d64-085bd6358b67,9813.84,1336.737
G,8e7f2139-71cd-11ed-aa00-085bd6358b67,9187.309,3256.854
F,8e7f21ee-71cd-11ed-b3e5-085bd6358b67,711.788,3061.464
C,8e7f2282-71cd-11ed-b6c8-085bd6358b67,3064.102,5529.043
F,8e7f2336-71cd-11ed-b311-085bd6358b67,6355.377,2557.99
B,8e7f23cc-71cd-11ed-8aa0-085bd6358b67,4566.861,4039.522
F,8e7f2468-71cd-11ed-ad70-085bd6358b67,983.421,5959.561
A,8e7f24fd-71cd-11ed-9d41-085bd6358b67,4452.124,2340.046
G,8e7f259a-71cd-11ed-8ffb-085bd6358b67,6425.806,7193.472
F,8e7f2629-71cd-11ed-9073-085bd6358b67,4639.653,6768.103
C,8e7f26bc-71cd-11ed-b352-085bd6358b67,1052.241,5803.811
B,8e7f2751-71cd-11ed-901e-085bd6358b67,6977.262,5425.148
A,8e7f27e8-71cd-11ed-a38c-085bd6358b67,2066.571,237.274
F,8e7f2881-71cd-11ed-a4f7-085bd6358b67,4812.681,8424.041
F,8e7f2911-71cd-11ed-b7fe-085bd6358b67,9194.508,2820.703
A,8e7f29a7-71cd-11ed-955c-085bd6358b67,8769.438,1328.25
B,8e7f2a3c-71cd-11ed-9ae2-085bd6358b67,4146.461,9763.797
B,8e7f2ad1-71cd-11ed-8835-085bd6358b67,6550.67,7570.262
A,8e7f2b66-71cd-11ed-ae9c-085bd6358b67,10.459,9436.512
C,8e7f2bf9-71cd-11ed-93ff-085bd6358b67,6613.398,4208.078
F,8e7f2c8e-71cd-11ed-b59c-085bd6358b67,6757.765,3398.45
F,8e7f2d21-71cd-11ed-aed6-085bd6358b67,5051.53,7115.606
A,8e7f2db0-71cd-11ed-a751-085bd6358b67,1593.091,4945.402
F,8e7f2e49-71cd-11ed-8013-085bd6358b67,7908.125,7715.062
B,8e7f2ee2-71cd-11ed-b593-085bd6358b67,431.725,5352.339
A,8e7f2f75-71cd-11ed-9ea1-085bd6358b67,7368.828,1689.854
F,8e7f3009-71cd-11ed-8aef-085bd6358b67,2381.769,8291.209
A,8e7f309d-71cd-11ed-a9a9-085bd6358b67,3849.034,6447.321
B,8e7f3130-71cd-11ed-8ea8-085bd6358b67,9200.93,2050.232
F,8e7f31c5-71cd-11ed-8f18-085bd6358b67,669.408,9310.101
C,8e7f3258-71cd-11ed-97e1-085bd6358b67,5821.875,2230.073
B,8e7f32ed-71cd-11ed-8600-085bd6358b67,5575.753,5510.12
C,8e7f337f-71cd-11ed-b382-085bd6358b67,7845.833,7265.983
B,8e7f3434-71cd-11ed-b913-085bd6358b67,5306.329,26.485
A,8e7f34c5-71cd-11ed-9b3f-085bd6358b67,4635.386,1895.347
A,8e7f355a-71cd-11ed-8c26-085bd6358b67,1721.909,8891.527
C,8e7f35f2-71cd-11ed-b986-085bd6358b67,4766.2,5217.77
F,8e7f3687-71cd-11ed-8196-085bd6358b67,6235.058,8348.138
F,8e7f3723-71cd-11ed-a74c-085bd6358b67,7160.114,8509.741
G,8e7f37b3-71cd-11ed-a782-085bd6358b67,202.767,8845.142
F,8e7f3854-71cd-11ed-bf54-085bd6358b67,2013.249,660.714
G,8e7f38e4-71cd-11ed-95c1-085bd6358b67,1001.357,3693.529
G,8e7f3977-71cd-11ed-85b5-085bd6358b67,2201.915,32.939
A,8e7f3a0b-71cd-11ed-9b6f-085bd6358b67,3000.07,7287.882
C,8e7f3a9e-71cd-11ed-98e1-085bd6358b67,1660.244,9533.964
C,8e7f3b32-71cd-11ed-b93f-085bd6358b67,6892.26,2170.274
C,8e7f3be7-71cd-11ed-99c4-085bd6358b67,1473.211,9609.315
C,8e7f3c81-71cd-11ed-9187-085bd6358b67,5248.184,2013.326
B,8e7f3d19-71cd-11ed-ac00-085bd6358b67,7627.387,8707.322
C,8e7f3db1-71cd-11ed-bab2-085bd6358b67,7930.42,4160.924
F,8e7f3e46-71cd-11ed-aa39-085bd6358b67,8827.221,7136.009
G,8e7f3ed8-71cd-11ed-9c60-085bd6358b67,2026.15,5820.447
A,8e7f3f6c-71cd-11ed-add3-085bd6358b67,1920.808,5334.731
G,8e7f4009-71cd-11ed-b5c7-085bd6358b67,3656.293,947.073
C,8e7f4099-71cd-11ed-a6c2-085bd6358b67,3623.929,1438.661
G,8e7f412c-71cd-11ed-926e-085bd6358b67,68.87,1488.823
A,8e7f41c1-71cd-11ed-9b38-085bd6358b67,7428.301,7009.475
B,8e7f4254-71cd-11ed-9ddc-085bd6358b67,7264.198,8855.049
G,8e7f42ed-71cd-11ed-9f37-085bd6358b67,3675.826,9882.028
F,8e7f4381-71cd-11ed-ae44-085bd6358b67,3696.489,8855.37
F,8e7f4419-71cd-11ed-90f0-085bd6358b67,4512.614,9187.252
F,8e7f44ad-71cd-11ed-a6e9-085bd6358b67,4124.347,3932.138
C,8e7f4541-71cd-11ed-a3c2-085bd6358b67,9780.794,165.058
B,8e7f45d4-71cd-11ed-9ebe-085bd6358b67,1092.22,5140.528
F,8e7f4668-71cd-11ed-b1b1-085bd6358b67,4840.698,832.511
F,8e7f4730-71cd-11ed-a9ea-085bd6358b67,3138.735,810.34
C,8e7f47c5-71cd-11ed-94d1-085bd6358b67,1740.9,3503.98
A,8e7f4858-71cd-11ed-b13e-085bd6358b67,3095.388,6777.306
F,8e7f48ef-71cd-11ed-87e7-085bd6358b67,8903.176,7645.642
A,8e7f497e-71cd-11ed-b7be-085bd6358b67,406.927,5131.324
G,8e7f4a19-71cd-11ed-9e0c-085bd6358b67,4430.507,1511.535
F,8e7f4aa9-71cd-11ed-91ce-085bd6358b67,4495.165,711.18
F,8e7f4b3c-71cd-11ed-ab29-085bd6358b67,2435.5,2902.75
F,8e7f4bd1-71cd-11ed-85d0-085bd6358b67,3026.112,9311.359
C,8e7f4c89-71cd-11ed-92ad-085bd6358b67,959.425,3457.838
C,8e7f4d1f-71cd-11ed-bc7b-085bd6358b67,879.381,3424.698
B,8e7f4db1-71cd-11ed-8d60-085bd6358b67,6818.154,4616.189
C,8e7f4e46-71cd-11ed-864a-085bd6358b67,3281.006,6860.697
A,8e7f4eda-71cd-11ed-9cfb-085bd6358b67,5949.276,8894.604
B,8e7f4f73-71cd-11ed-93ce-085bd6358b67,4599.261,8895.295
B,8e7f5005-71cd-11ed-a1a9-085bd6358b67,5133.218,935.152
F,8e7f5096-71cd-11ed-a0aa-085bd6358b67,8827.193,4129.741
F,8e7f5128-71cd-11ed-8c90-085bd6358b67,7285.8,9341.149
G,8e7f51bd-71cd-11ed-87ef-085bd6358b67,633.269,3227.639
B,8e7f5251-71cd-11ed-826d-085bd6358b67,7862.27,4210.407
F,8e7f52e3-71cd-11ed-bc24-085bd6358b67,1082.195,93.419
B,8e7f5372-71cd-11ed-8929-085bd6358b67,414.199,1087.691
A,8e7f5408-71cd-11ed-b058-085bd6358b67,675.009,814.41
B,8e7f54be-71cd-11ed-a819-085bd6358b67,2845.237,6565.204
C,8e7f5556-71cd-11ed-8230-085bd6358b67,4565.556,1616.63
F,8e7f55ef-71cd-11ed-9542-085bd6358b67,6935.4,5100.494
C,8e7f5682-71cd-11ed-b69e-085bd6358b67,8417.195,6194.001
A,8e7f5717-71cd-11ed-b63d-085bd6358b67,1773.9,4745.062
F,8e7f57aa-71cd-11ed-9473-085bd6358b67,885.12,4376.828
B,8e7f583f-71cd-11ed-917e-085bd6358b67,9204.58,3399.979
A,8e7f58d2-71cd-11ed-a82b-085bd6358b67,3902.012,8568.867
B,8e7f5983-71cd-11ed-bfce-085bd6358b67,1301.712,7474.687
F,8e7f5a16-71cd-11ed-ae8a-085bd6358b67,4577.192,2778.958
C,8e7f5aab-71cd-11ed-8b18-085bd6358b67,94.978,6835.065
B,8e7f5b42-71cd-11ed-9430-085bd6358b67,1948.121,1555.802
F,8e7f5bd2-71cd-11ed-ba50-085bd6358b67,5159.13,1183.88
A,8e7f5c65-71cd-11ed-9833-085bd6358b67,1940.802,1935.465
G,8e7f5cf7-71cd-11ed-99f8-085bd6358b67,6912.387,8751.84
F,8e7f5d8b-71cd-11ed-aabd-085bd6358b67,262.984,1133.311
B,8e7f5e21-71cd-11ed-a37d-085bd6358b67,992.281,3368.131
G,8e7f5eb1-71cd-11ed-963f-085bd6358b67,8470.111,126.331
C,8e7f5f45-71cd-11ed-8c8e-085bd6358b67,330.65,4754.106
A,8e7f5fd9-71cd-11ed-8d1c-085bd6358b67,9212.309,9925.411
B,8e7f606c-71cd-11ed-9520-085bd6358b67,2210.278,4560.486
A,8e7f6101-71cd-11ed-8214-085bd6358b67,7590.038,1086.588
B,8e7f6194-71cd-11ed-ac62-085bd6358b67,1195.71,8989.655
A,8e7f6224-71cd-11ed-a899-085bd6358b67,7722.085,8952.449
B,8e7f62bc-71cd-11ed-a568-085bd6358b67,7826.474,2550.042
B,8e7f6350-71cd-11ed-8ad2-085bd6358b67,3062.561,3912.99
C,8e7f63e3-71cd-11ed-8f6d-085bd6358b67,8383.327,7671.229
G,8e7f6477-71cd-11ed-9e11-085bd6358b67,8509.51,7294.85
F,8e7f6510-71cd-11ed-aecf-085bd6358b67,2183.008,6651.365
B,8e7f65a8-71cd-11ed-8635-085bd6358b67,4844.471,6876.485
C,8e7f6638-71cd-11ed-803a-085bd6358b67,1473.573,7413.676
G,8e7f66d0-71cd-11ed-bb28-085bd6358b67,3197.627,2411.415
C,8e7f6765-71cd-11ed-a753-085bd6358b67,66.083,6966.173
F,8e7f67fb-71cd-11ed-801f-085bd6358b67,9463.68,5218.014
B,8e7f688f-71cd-11ed-969b-085bd6358b67,2678.191,2155.491
F,8e7f6923-71cd-11ed-b5ce-085bd6358b67,2952.575,1495.423
F,8e7f69b7-71cd-11ed-8092-085bd6358b67,5845.215,2280.659
F,8e7f6a4b-71cd-11ed-805a-085bd6358b67,3020.54,2284.197
C,8e7f6ae3-71cd-11ed-8d23-085bd6358b67,6643.869,5843.481
G,8e7f6cb2-71cd-11ed-9207-085bd6358b67,2064.645,9212.411
F,8e7f6d80-71cd-11ed-879b-085bd6358b67,5920.006,7048.951
F,8e7f6e13-71cd-11ed-aee0-085bd6358b67,4871.824,8715.299
B,8e7f6ebf-71cd-11ed-a843-085bd6358b67,6908.181,790.643
F,8e7f6f5b-71cd-11ed-8bf3-085bd6358b67,4657.587,5452.508
B,8e7f6ff1-71cd-11ed-8617-085bd6358b67,5676.189,9449.325
A,8e7f7088-71cd-11ed-bf76-085bd6358b67,3021.207,5597.645
G,8e7f711d-71cd-11ed-a6bf-085bd6358b67,6553.9,3122.034
C,8e7f71be-71cd-11ed-91dc-085bd6358b67,8519.516,6056.457
G,8e7f7250-71cd-11ed-9594-085bd6358b67,1939.795,5480.262
G,8e7f72e3-71cd-11ed-a861-085bd6358b67,7414.971,6106.515
A,8e7f7376-71cd-11ed-b5e8-085bd6358b67,9133.965,1806.684
A,8e7f740a-71cd-11ed-a2f6-085bd6358b67,1984.838,7166.151
C,8e7f749d-71cd-11ed-91bd-085bd6358b67,8267.935,2705.209
B,8e7f752e-71cd-11ed-a8f2-085bd6358b67,3116.916,1127.018
A,8e7f75c0-71cd-11ed-8f90-085bd6358b67,6036.865,9433.974
C,8e7f7655-71cd-11ed-b397-085bd6358b67,4420.957,2575.521
C,8e7f76e8-71cd-11ed-9ebb-085bd6358b67,4851.353,1494.506
C,8e7f79e0-71cd-11ed-aab1-085bd6358b67,9387.722,617.931
C,8e7f7a80-71cd-11ed-bf42-085bd6358b67,6128.06,443.251
B,8e7f7b1a-71cd-11ed-a053-085bd6358b67,3309.051,6842.631
C,8e7f7bb6-71cd-11ed-978a-085bd6358b67,6164.303,6141.666
G,8e7f7c49-71cd-11ed-aae1-085bd6358b67,9254.656,7077.971
G,8e7f7cdc-71cd-11ed-ad66-085bd6358b67,5660.362,7854.287
A,8e7f7d73-71cd-11ed-aa40-085bd6358b67,2830.665,9806.641
C,8e7f7e03-71cd-11ed-9ab0-085bd6358b67,4795.271,8503.399
C,8e7f7e96-71cd-11ed-8b44-085bd6358b67,4811.722,4906.271
F,8e7f7f2b-71cd-11ed-a866-085bd6358b67,2386.253,2363.706
G,8e7f7fbd-71cd-11ed-ad79-085bd6358b67,9563.405,844.388
C,8e7f804e-71cd-11ed-b1bd-085bd6358b67,6518.597,5397.183
A,8e7f80e5-71cd-11ed-b288-085bd6358b67,8599.624,1466.277
F,8e7f819c-71cd-11ed-9f23-085bd6358b67,6794.153,1402.809
A,8e7f8259-71cd-11ed-8728-085bd6358b67,8284.192,645.703
C,8e7f82ee-71cd-11ed-9b49-085bd6358b67,9133.968,9460.858
A,8e7f8381-71cd-11ed-b063-085bd6358b67,3336.224,7698.23
F,8e7f8416-71cd-11ed-a207-085bd6358b67,6374.745,8652.523
G,8e7f84ad-71cd-11ed-adb5-085bd6358b67,9704.651,4935.399
F,8e7f853e-71cd-11ed-9f95-085bd6358b67,3232.264,7698.576
B,8e7f85cf-71cd-11ed-a599-085bd6358b67,89.19,9890.484
G,8e7f8663-71cd-11ed-8d06-085bd6358b67,5484.194,2533.834
B,8e7f86f0-71cd-11ed-be34-085bd6358b67,2302.072,6694.054
A,8e7f8783-71cd-11ed-9c60-085bd6358b67,5683.694,8964.133
G,8e7f8813-71cd-11ed-9e84-085bd6358b67,3286.401,2590.854
C,8e7f88a6-71cd-11ed-9748-085bd6358b67,1.161,1194.994
G,8e7f8944-71cd-11ed-8985-085bd6358b67,3145.846,7684.015
B,8e7f89f8-71cd-11ed-bc48-085bd6358b67,7651.074,9930.311
F,8e7f8a96-71cd-11ed-86ac-085bd6358b67,4787.049,1175.022
B,8e7f8b2e-71cd-11ed-a185-085bd6358b67,434.756,6672.664
A,8e7f8bc3-71cd-11ed-b757-085bd6358b67,1011.127,3006.022
F,8e7f8c56-71cd-11ed-894d-085bd6358b67,9301.466,2213.685
G,8e7f8ceb-71cd-11ed-94dd-085bd6358b67,436.202,8952.036
C,8e7f8d7e-71cd-11ed-9b26-085bd6358b67,30.88,2594.625
F,8e7f8e0e-71cd-11ed-bf48-085bd6358b67,7163.123,7372.546
A,8e7f8ea5-71cd-11ed-b3e8-085bd6358b67,63.89,3068.937
G,8e7f8f3b-71cd-11ed-9dce-085bd6358b67,9092.452,9080.075
B,8e7f8fcd-71cd-11ed-8990-085bd6358b67,9873.506,5543.034
B,8e7f9062-71cd-11ed-937f-085bd6358b67,826.858,4267.061
A,8e7f90f0-71cd-11ed-a151-085bd6358b67,4534.383,3104.432
C,8e7f9183-71cd-11ed-bca8-085bd6358b67,987.99,5205.166
G,8e7f921c-71cd-11ed-84c5-085bd6358b67,9918.471,1097.758
G,8e7f92af-71cd-11ed-a551-085bd6358b67,6415.69,5075.718
F,8e7f933f-71cd-11ed-98ee-085bd6358b67,1920.405,6725.093
F,8e7f93d2-71cd-11ed-9e51-085bd6358b67,5210.174,2018.889
A,8e7f9462-71cd-11ed-ad7c-085bd6358b67,239.261,6175.977
A,8e7f9511-71cd-11ed-9a74-085bd6358b67,9602.278,4683.725
G,8e7f95a6-71cd-11ed-a3e6-085bd6358b67,8974.524,9061.274
G,8e7f9639-71cd-11ed-908e-085bd6358b67,2267.693,4879.866
A,8e7f96ce-71cd-11ed-9033-085bd6358b67,2662.663,6148.561
F,8e7f9753-71cd-11ed-bddb-085bd6358b67,5480.638,9875.143
A,8e7f97b2-71cd-11ed-9bad-085bd6358b67,6715.574,4681.202
G,8e7f97f6-71cd-11ed-836c-085bd6358b67,504.805,4257.689
F,8e7f982a-71cd-11ed-b58e-085bd6358b67,1503.46,3513.368
A,8e7f9867-71cd-11ed-abe8-085bd6358b67,7750.104,4291.214
C,8e7f989b-71cd-11ed-8e43-085bd6358b67,9452.844,9684.766
C,8e7f98d5-71cd-11ed-a96a-085bd6358b67,5733.804,8637.648
G,8e7f990a-71cd-11ed-9c75-085bd6358b67,8654.929,4827.204
C,8e7f9944-71cd-11ed-b8b4-085bd6358b67,2972.816,9804.585
B,8e7f997d-71cd-11ed-94a9-085bd6358b67,8371.316,9345.264
G,8e7f99b5-71cd-11ed-ae86-085bd6358b67,733.277,2795.755
B,8e7f99e9-71cd-11ed-a9f6-085bd6358b67,9086.206,6808.962
B,8e7f9a23-71cd-11ed-827f-085bd6358b67,3715.074,7855.652
G,8e7f9a58-71cd-11ed-b664-085bd6358b67,3810.349,4109.333
B,8e7f9a92-71cd-11ed-a6a6-085bd6358b67,4209.697,8361.19
F,8e7f9aca-71cd-11ed-8e14-085bd6358b67,1805.102,7127.279
A,8e7f9b02-71cd-11ed-bab2-085bd6358b67,3418.565,445.961
G,8e7f9b3b-71cd-11ed-b1ba-085bd6358b67,9095.423,4275.501
F,8e7f9b74-71cd-11ed-a1a1-085bd6358b67,8878.344,6717.532
C,8e7f9bb7-71cd-11ed-8747-085bd6358b67,9982.515,3698.38
A,8e7f9bf0-71cd-11ed-994a-085bd6358b67,5637.269,3781.131
G,8e7f9c28-71cd-11ed-9423-085bd6358b67,3485.891,4124.948
B,8e7f9c60-71cd-11ed-91d8-085bd6358b67,4924.023,1704.3
A,8e7f9c99-71cd-11ed-b896-085bd6358b67,7576.09,3280.952
C,8e7f9cd2-71cd-11ed-8593-085bd6358b67,3587.218,2978.662
G,8e7f9d07-71cd-11ed-935a-085bd6358b67,6073.301,5031.682
G,8e7f9d41-71cd-11ed-9f37-085bd6358b67,4732.588,9468.496
B,8e7f9d84-71cd-11ed-9c12-085bd6358b67,9305.313,6217.095
A,8e7f9dbc-71cd-11ed-a5b8-085bd6358b67,7897.293,7118.933
A,8e7f9df5-71cd-11ed-8c61-085bd6358b67,4167.918,1568.938
F,8e7f9e2a-71cd-11ed-8159-085bd6358b67,3287.828,2547.712
A,8e7f9e64-71cd-11ed-81aa-085bd6358b67,8648.259,5595.524
C,8e7f9e9c-71cd-11ed-bc55-085bd6358b67,6869.787,8901.397
F,8e7f9ed6-71cd-11ed-8750-085bd6358b67,2192.677,9890.811
F,8e7f9f0e-71cd-11ed-8bc1-085bd6358b67,9830.23,3186.224
G,8e7f9f43-71cd-11ed-acb2-085bd6358b67,6099.974,7099.831
F,8e7f9f82-71cd-11ed-88de-085bd6358b67,8322.714,2872.909
C,8e7f9fbb-71cd-11ed-a78f-085bd6358b67,7369.683,3222.01
B,8e7f9fef-71cd-11ed-90f9-085bd6358b67,3304.043,9782.327
C,8e7fa028-71cd-11ed-aa15-085bd6358b67,4712.565,5619.438
G,8e7fa061-71cd-11ed-a9f7-085bd6358b67,2620.947,758.73
A,8e7fa096-71cd-11ed-86fc-085bd6358b67,5821.0,5987.219
F,8e7fa0d0-71cd-11ed-be96-085bd6358b67,1067.354,3597.3
C,8e7fa109-71cd-11ed-8895-085bd6358b67,8778.512,366.468
B,8e7fa13c-71cd-11ed-a67f-085bd6358b67,3216.135,6569.163
A,8e7fa176-71cd-11ed-9076-085bd6358b67,8468.017,9903.845
F,8e7fa1af-71cd-11ed-b270-085bd6358b67,1950.654,9470.794
A,8e7fa1f3-71cd-11ed-ad6d-085bd6358b67,4963.824,9042.728
B,8e7fa22c-71cd-11ed-8446-085bd6358b67,2812.846,6256.115
G,8e7fa264-71cd-11ed-a60c-085bd6358b67,7638.536,3870.857
C,8e7fa29d-71cd-11ed-886d-085bd6358b67,7595.553,2155.928
C,8e7fa2d2-71cd-11ed-aac3-085bd6358b67,6964.472,2733.229
A,8e7fa30c-71cd-11ed-8023-085bd6358b67,5903.422,7903.293
F,8e7fa346-71cd-11ed-a5a8-085bd6358b67,9843.869,2284.64
C,8e7fa37a-71cd-11ed-aeca-085bd6358b67,5040.148,4967.221
G,8e7fa3b6-71cd-11ed-8701-085bd6358b67,1396.005,4845.71
F,8e7fa3eb-71cd-11ed-9787-085bd6358b67,8441.305,180.215
C,8e7fa425-71cd-11ed-88e5-085bd6358b67,6305.576,1340.14
C,8e7fa45f-71cd-11ed-821f-085bd6358b67,7528.424,4155.454
B,8e7fa4a2-71cd-11ed-bf45-085bd6358b67,5898.387,4580.857
C,8e7fa4da-71cd-11ed-9eb7-085bd6358b67,4209.858,2268.031
B,8e7fa51c-71cd-11ed-b469-085bd6358b67,4758.838,9387.717
C,8e7fa555-71cd-11ed-bd9d-085bd6358b67,1201.151,7222.288
F,8e7fa58e-71cd-11ed-bc5c-085bd6358b67,7395.941,6905.458
G,8e7fa5c2-71cd-11ed-8167-085bd6358b67,6709.999,7189.494
G,8e7fa5fc-71cd-11ed-9c98-085bd6358b67,3282.233,6644.335
C,8e7fa633-71cd-11ed-a914-085bd6358b67,9905.144,3391.629
A,8e7fa66b-71cd-11ed-98ef-085bd6358b67,1247.091,6837.205
F,8e7fa6a5-71cd-11ed-8481-085bd6358b67,1460.877,1906.421
C,8e7fa6de-71cd-11ed-bccc-085bd6358b67,4370.502,8359.084
G,8e7fa713-71cd-11ed-9876-085bd6358b67,5987.929,1909.963
G,8e7fa74c-71cd-11ed-bff6-085bd6358b67,840.093,6622.099
B,8e7fa781-71cd-11ed-be6b-085bd6358b67,2657.318,7304.765
F,8e7fa7be-71cd-11ed-b9ec-085bd6358b67,3867.658,8746.419
G,8e7fa7f2-71cd-11ed-948b-085bd6358b67,5907.652,1493.752
C,8e7fa82c-71cd-11ed-8cf4-085bd6358b67,6302.541,479.272
B,8e7fa866-71cd-11ed-8015-085bd6358b67,7847.337,4957.145
A,8e7fa89e-71cd-11ed-9f8e-085bd6358b67,4521.426,780.594
B,8e7fa8d7-71cd-11ed-b7b6-085bd6358b67,1738.268,8064.652
F,8e7fa902-71cd-11ed-82af-085bd6358b67,629.718,217.296
A,8e7fa940-71cd-11ed-94de-085bd6358b67,8234.896,4737.511
A,8e7fa970-71cd-11ed-b972-085bd6358b67,5371.472,2366.558
A,8e7fa9aa-71cd-11ed-9d89-085bd6358b67,7011.624,3761.989
A,8e7fa9e3-71cd-11ed-8749-085bd6358b67,7647.08,7100.412
B,8e7faa17-71cd-11ed-9e18-085bd6358b67,2708.191,3641.649
F,8e7faa50-71cd-11ed-bbe7-085bd6358b67,4632.396,2100.22
G,8e7faa89-71cd-11ed-bf1f-085bd6358b67,9783.281,1767.745
A,8e7faabf-71cd-11ed-8c99-085bd6358b67,7297.597,3868.688
A,8e7faaf8-71cd-11ed-9e55-085bd6358b67,6839.543,2732.104
C,8e7fab30-71cd-11ed-a60a-085bd6358b67,2041.085,2213.354
C,8e7fab7c-71cd-11ed-a2e9-085bd6358b67,9339.804,1561.716
B,8e7fabb6-71cd-11ed-9896-085bd6358b67,1737.975,5368.374
B,8e7fabeb-71cd-11ed-ac32-085bd6358b67,2627.288,2010.966
F,8e7fac25-71cd-11ed-a9a1-085bd6358b67,9764.221,6955.571
C,8e7fac5d-71cd-11ed-8bcb-085bd6358b67,7244.734,4899.579
B,8e7fac96-71cd-11ed-b396-085bd6358b67,547.739,9704.053
F,8e7facca-71cd-11ed-bca3-085bd6358b67,5492.878,9956.729
G,8e7fad04-71cd-11ed-b333-085bd6358b67,9729.036,9081.429
A,8e7fad39-71cd-11ed-be00-085bd6358b67,1218.935,1254.434
B,8e7fad72-71cd-11ed-af41-085bd6358b67,2668.866,8560.755
G,8e7fadaa-71cd-11ed-bc80-085bd6358b67,6589.377,8664.964
G,8e7fade3-71cd-11ed-b1ed-085bd6358b67,4641.111,5409.946
B,8e7fae1d-71cd-11ed-908f-085bd6358b67,6401.275,2015.586
C,8e7fae61-71cd-11ed-aa1c-085bd6358b67,9451.448,454.318
C,8e7fae9a-71cd-11ed-95c5-085bd6358b67,2276.037,1108.555
A,8e7faed2-71cd-11ed-b8b3-085bd6358b67,7123.022,7335.892
B,8e7faf06-71cd-11ed-a4f1-085bd6358b67,6886.682,6865.162
A,8e7faf3f-71cd-11ed-a694-085bd6358b67,9992.607,7901.303
C,8e7faf77-71cd-11ed-9d74-085bd6358b67,3883.802,7695.261
F,8e7fafb1-71cd-11ed-8516-085bd6358b67,7210.29,8321.477
C,8e7fafe6-71cd-11ed-a570-085bd6358b67,8250.948,2128.086
B,8e7fb01e-71cd-11ed-9b49-085bd6358b67,9507.647,435.646
B,8e7fb056-71cd-11ed-84a9-085bd6358b67,3391.367,8267.897
B,8e7fb08f-71cd-11ed-a3ba-085bd6358b67,1960.861,9649.443
G,8e7fb0c3-71cd-11ed-b199-085bd6358b67,2590.981,9720.505
G,8e7fb0fd-71cd-11ed-8500-085bd6358b67,792.168,3713.482
G,8e7fb136-71cd-11ed-8493-085bd6358b67,9195.596,5569.437
B,8e7fb16b-71cd-11ed-a6b6-085bd6358b67,7259.414,7306.451
C,8e7fb1a3-71cd-11ed-911d-085bd6358b67,1180.518,2845.835
C,8e7fb1dc-71cd-11ed-bf3b-085bd6358b67,4360.382,7991.791
A,8e7fb216-71cd-11ed-a85e-085bd6358b67,1289.451,9732.158
G,8e7fb250-71cd-11ed-978e-085bd6358b67,5037.672,2659.113
C,8e7fb293-71cd-11ed-8a6b-085bd6358b67,3518.464,8272.174
F,8e7fb2cb-71cd-11ed-989c-085bd6358b67,1351.005,6935.813
F,8e7fb304-71cd-11ed-8515-085bd6358b67,3324.15,6667.957
A,8e7fb338-71cd-11ed-b457-085bd6358b67,6872.145,6320.18
F,8e7fb36e-71cd-11ed-a79b-085bd6358b67,6073.527,1137.108
F,8e7fb3a7-71cd-11ed-b873-085bd6358b67,2953.884,280.191
C,8e7fb3e0-71cd-11ed-a9d5-085bd6358b67,5102.216,170.377
A,8e7fb419-71cd-11ed-9fe2-085bd6358b67,6414.435,3290.474
C,8e7fb452-71cd-11ed-8f44-085bd6358b67,5527.776,2979.568
A,8e7fb49a-71cd-11ed-9e26-085bd6358b67,4067.635,6272.041
F,8e7fb4d4-71cd-11ed-b836-085bd6358b67,3727.828,5380.43
B,8e7fb50c-71cd-11ed-a3f7-085bd6358b67,2435.05,2469.138
G,8e7fb545-71cd-11ed-bb09-085bd6358b67,7022.577,1783.718
C,8e7fb57a-71cd-11ed-9b01-085bd6358b67,6385.761,7163.576
G,8e7fb5b3-71cd-11ed-bec5-085bd6358b67,4138.575,5269.513
G,8e7fb5ed-71cd-11ed-b772-085bd6358b67,1739.427,7881.546
G,8e7fb621-71cd-11ed-a5ca-085bd6358b67,13.012,2947.575
G,8e7fb65a-71cd-11ed-bbf2-085bd6358b67,8500.953,9666.799
F,8e7fb693-71cd-11ed-a7ea-085bd6358b67,6155.051,7737.906
G,8e7fb6c8-71cd-11ed-80be-085bd6358b67,6351.799,2546.002
G,8e7fb701-71cd-11ed-b5ec-085bd6358b67,9008.659,7172.732
B,8e7fb737-71cd-11ed-9d1e-085bd6358b67,6507.847,635.063
G,8e7fb76f-71cd-11ed-acdd-085bd6358b67,7824.209,7153.4
G,8e7fb7b6-71cd-11ed-9c26-085bd6358b67,6321.269,9263.89
C,8e7fb7ef-71cd-11ed-9ff7-085bd6358b67,745.375,1452.094
B,8e7fb828-71cd-11ed-bcf3-085bd6358b67,7095.095,9352.799
A,8e7fb85e-71cd-11ed-8977-085bd6358b67,1053.877,6831.576
C,8e7fb897-71cd-11ed-9b68-085bd6358b67,2256.522,9320.167
C,8e7fb8d0-71cd-11ed-b6f2-085bd6358b67,4298.178,4908.382
C,8e7fb908-71cd-11ed-9950-085bd6358b67,3077.106,2455.905
G,8e7fb942-71cd-11ed-8082-085bd6358b67,286.173,8454.746
B,8e7fb985-71cd-11ed-917c-085bd6358b67,9197.138,6074.596
A,8e7fb9bb-71cd-11ed-a592-085bd6358b67,4487.558,5513.698
C,8e7fb9f3-71cd-11ed-8e5d-085bd6358b67,844.6,5552.219
C,8e7fba2b-71cd-11ed-a67f-085bd6358b67,2487.771,7968.955
G,8e7fba64-71cd-11ed-9912-085bd6358b67,1824.681,8031.112
G,8e7fba9c-71cd-11ed-a4f2-085bd6358b67,9193.642,2008.238
A,8e7fbad1-71cd-11ed-a1e8-085bd6358b67,9854.038,3268.088
C,8e7fbb0b-71cd-11ed-a2cd-085bd6358b67,5464.014,2853.631
B,8e7fbb40-71cd-11ed-a22d-085bd6358b67,9660.237,6973.405
B,8e7fbb78-71cd-11ed-90fb-085bd6358b67,6834.55,6154.111
G,8e7fbbb2-71cd-11ed-9799-085bd6358b67,6712.091,3759.025
C,8e7fbbea-71cd-11ed-b1ff-085bd6358b67,5778.842,8747.799
G,8e7fbc24-71cd-11ed-b83b-085bd6358b67,125.566,3128.932
B,8e7fbc67-71cd-11ed-88ed-085bd6358b67,4161.802,2401.418
C,8e7fbca0-71cd-11ed-b871-085bd6358b67,8512.215,2442.91
C,8e7fbce3-71cd-11ed-938d-085bd6358b67,9882.529,5268.729
C,8e7fbd1b-71cd-11ed-a9f5-085bd6358b67,6754.918,8109.408
F,8e7fbd55-71cd-11ed-ad87-085bd6358b67,5077.511,4290.028
A,8e7fbd8a-71cd-11ed-aa73-085bd6358b67,6700.631,2748.832
F,8e7fbdc3-71cd-11ed-b09e-085bd6358b67,3387.25,8699.328
G,8e7fbdfc-71cd-11ed-9b1d-085bd6358b67,6918.167,7508.405
C,8e7fbe35-71cd-11ed-acf6-085bd6358b67,7526.363,3423.02
F,8e7fbe69-71cd-11ed-89b7-085bd6358b67,3684.743,9585.888
G,8e7fbea3-71cd-11ed-825b-085bd6358b67,2821.797,3094.555
A,8e7fbedd-71cd-11ed-9c2d-085bd6358b67,8706.54,1718.784
A,8e7fbf11-71cd-11ed-86ab-085bd6358b67,177.346,3397.716
C,8e7fbf4a-71cd-11ed-ae7f-085bd6358b67,4527.76,6460.106
F,8e7fbf83-71cd-11ed-a0d1-085bd6358b67,3604.421,4075.079
B,8e7fbfbc-71cd-11ed-829d-085bd6358b67,7326.336,975.55
C,8e7fbff2-71cd-11ed-8cfc-085bd6358b67,7831.811,5075.872
A,8e7fc026-71cd-11ed-afeb-085bd6358b67,7516.95,1455.024
A,8e7fc05e-71cd-11ed-b4a3-085bd6358b67,2011.891,1382.574
F,8e7fc0a6-71cd-11ed-afd3-085bd6358b67,3027.627,3853.742
B,8e7fc0da-71cd-11ed-aefd-085bd6358b67,622.185,8533.214
G,8e7fc123-71cd-11ed-8b92-085bd6358b67,2895.511,1258.893
B,8e7fc157-71cd-11ed-b8cd-085bd6358b67,2452.337,1982.361
G,8e7fc190-71cd-11ed-9c00-085bd6358b67,2419.68,6422.155
F,8e7fc1cd-71cd-11ed-a629-085bd6358b67,4914.009,4986.106
G,8e7fc202-71cd-11ed-bd2c-085bd6358b67,2202.322,9261.191
F,8e7fc23b-71cd-11ed-bd16-085bd6358b67,8114.148,1416.164
F,8e7fc271-71cd-11ed-ae72-085bd6358b67,8211.55,3050.436
G,8e7fc2aa-71cd-11ed-a02d-085bd6358b67,8971.317,5377.366
F,8e7fc2e2-71cd-11ed-9b3a-085bd6358b67,1864.007,8823.609
F,8e7fc31a-71cd-11ed-8ba8-085bd6358b67,6260.251,4921.624
A,8e7fc350-71cd-11ed-9d2e-085bd6358b67,6307.013,6148.822
B,8e7fc389-71cd-11ed-9f41-085bd6358b67,9034.566,8868.059
A,8e7fc3c3-71cd-11ed-b20f-085bd6358b67,7254.161,7187.714
G,8e7fc3fc-71cd-11ed-8ca2-085bd6358b67,4905.66,2666.294
G,8e7fc434-71cd-11ed-8d1b-085bd6358b67,9500.098,2309.092
B,8e7fc468-71cd-11ed-b429-085bd6358b67,8339.47,4047.135
B,8e7fc4a1-71cd-11ed-8191-085bd6358b67,1773.498,6454.095
B,8e7fc4da-71cd-11ed-ad65-085bd6358b67,6988.957,3951.72
G,8e7fc50f-71cd-11ed-9ab3-085bd6358b67,7817.347,7826.339
F,8e7fc548-71cd-11ed-a406-085bd6358b67,5734.925,20.736
G,8e7fc57f-71cd-11ed-910c-085bd6358b67,4064.81,724.017
G,8e7fc5b3-71cd-11ed-84b3-085bd6358b67,9573.558,6835.266
G,8e7fc5ec-71cd-11ed-a3fe-085bd6358b67,6894.5,8688.504
C,8e7fc626-71cd-11ed-a8a3-085bd6358b67,2100.325,4344.428
C,8e7fc65b-71cd-11ed-b1e1-085bd6358b67,1518.73,8183.465
F,8e7fc694-71cd-11ed-a922-085bd6358b67,3436.155,6945.09
B,8e7fc6cd-71cd-11ed-9193-085bd6358b67,5589.555,5850.167
F,8e7fc705-71cd-11ed-839d-085bd6358b67,9032.409,9559.862
B,8e7fc748-71cd-11ed-b0b5-085bd6358b67,2933.183,7225.299
G,8e7fc78c-71cd-11ed-8773-085bd6358b67,5465.14,3453.629
B,8e7fc7c1-71cd-11ed-9e27-085bd6358b67,2154.361,451.611
G,8e7fc7fa-71cd-11ed-8c03-085bd6358b67,5038.788,8871.872
A,8e7fc832-71cd-11ed-b078-085bd6358b67,208.612,814.107
A,8e7fc86b-71cd-11ed-ac32-085bd6358b67,3574.133,2581.468
A,8e7fc8a0-71cd-11ed-9319-085bd6358b67,23.454,6243.635
A,8e7fc8da-71cd-11ed-95eb-085bd6358b67,6219.327,6480.491
B,8e7fc913-71cd-11ed-81db-085bd6358b67,3722.141,8281.206
G,8e7fc948-71cd-11ed-ae96-085bd6358b67,9222.65,3543.213
B,8e7fc984-71cd-11ed-a713-085bd6358b67,3558.531,5481.476
B,8e7fc9b9-71cd-11ed-b3dd-085bd6358b67,1563.704,4282.246
F,8e7fc9f8-71cd-11ed-8c88-085bd6358b67,8610.489,5119.654
B,8e7fca32-71cd-11ed-9066-085bd6358b67,4525.401,6194.302
B,8e7fca9f-71cd-11ed-9a56-085bd6358b67,6887.078,5085.497
B,8e7fcad7-71cd-11ed-b3e7-085bd6358b67,5070.881,1932.318
B,8e7fcb11-71cd-11ed-aae5-085bd6358b67,9423.025,8070.221
C,8e7fcb46-71cd-11ed-8c54-085bd6358b67,6391.539,3014.2
F,8e7fcb7f-71cd-11ed-b9dd-085bd6358b67,5098.399,3679.92
F,8e7fcbb7-71cd-11ed-9d3d-085bd6358b67,6983.565,5028.199
F,8e7fcbec-71cd-11ed-99ea-085bd6358b67,6901.792,5326.528
C,8e7fcc25-71cd-11ed-a078-085bd6358b67,5557.226,2952.902
G,8e7fcc5b-71cd-11ed-b8e6-085bd6358b67,7046.955,6585.587
A,8e7fcc94-71cd-11ed-97a9-085bd6358b67,443.251,2789.044
C,8e7fcccd-71cd-11ed-a8bc-085bd6358b67,8439.115,8061.025
B,8e7fcd04-71cd-11ed-bdde-085bd6358b67,1957.399,1510.378
C,8e7fcd3a-71cd-11ed-88df-085bd6358b67,7925.907,1896.38
G,8e7fcd6e-71cd-11ed-9446-085bd6358b67,4674.209,4009.629
G,8e7fcda9-71cd-11ed-abfe-085bd6358b67,3644.423,6401.746
A,8e7fcddd-71cd-11ed-b402-085bd6358b67,5524.187,268.79
F,8e7fce16-71cd-11ed-ab5d-085bd6358b67,5359.871,7005.638
C,8e7fce4d-71cd-11ed-ad3d-085bd6358b67,8608.711,3308.534
F,8e7fce86-71cd-11ed-82ab-085bd6358b67,4706.425,265.644
C,8e7fcec4-71cd-11ed-a8bc-085bd6358b67,753.052,6359.811
B,8e7fcefe-71cd-11ed-add0-085bd6358b67,6935.742,3328.618
G,8e7fcf32-71cd-11ed-ae79-085bd6358b67,974.457,5440.629
F,8e7fcf6f-71cd-11ed-8a8b-085bd6358b67,9183.785,5269.997
C,8e7fcfa2-71cd-11ed-aa59-085bd6358b67,6393.209,502.935
F,8e7fcfdb-71cd-11ed-bc44-085bd6358b67,7908.215,7319.619
G,8e7fd010-71cd-11ed-a063-085bd6358b67,3496.924,8049.318
A,8e7fd049-71cd-11ed-871b-085bd6358b67,1959.766,1656.238
A,8e7fd07e-71cd-11ed-b136-085bd6358b67,4046.111,1246.806
G,8e7fd0b8-71cd-11ed-a4e1-085bd6358b67,6836.715,1893.521
G,8e7fd0eb-71cd-11ed-9039-085bd6358b67,1944.229,3804.819
F,8e7fd124-71cd-11ed-a77c-085bd6358b67,7727.757,4278.834
C,8e7fd159-71cd-11ed-8be7-085bd6358b67,3855.921,5680.843
A,8e7fd193-71cd-11ed-bde8-085bd6358b67,8337.687,4286.312
F,8e7fd1cc-71cd-11ed-a062-085bd6358b67,8335.946,7232.41
A,8e7fd200-71cd-11ed-9993-085bd6358b67,1887.145,7316.736
C,8e7fd238-71cd-11ed-92b7-085bd6358b67,2648.259,2508.744
F,8e7fd272-71cd-11ed-abf3-085bd6358b67,5895.047,4835.117
A,8e7fd2a7-71cd-11ed-b89a-085bd6358b67,1385.952,5890.591
F,8e7fd2e1-71cd-11ed-bf30-085bd6358b67,3330.637,1521.606
F,8e7fd319-71cd-11ed-8748-085bd6358b67,273.919,7323.438
A,8e7fd34e-71cd-11ed-9a65-085bd6358b67,7324.22,1066.414
B,8e7fd386-71cd-11ed-a43c-085bd6358b67,9916.642,8654.899
B,8e7fd3ce-71cd-11ed-bc39-085bd6358b67,7217.031,2595.241
C,8e7fd409-71cd-11ed-adb6-085bd6358b67,1081.842,1341.482
B,8e7fd441-71cd-11ed-b9cf-085bd6358b67,2877.421,5386.707
A,8e7fd47a-71cd-11ed-9386-085bd6358b67,9342.494,5702.073
B,8e7fd4b3-71cd-11ed-8604-085bd6358b67,1811.724,2781.09
B,8e7fd4ec-71cd-11ed-906e-085bd6358b67,7808.722,7601.881
C,8e7fd522-71cd-11ed-a2bd-085bd6358b67,9011.912,1811.149
C,8e7fd55b-71cd-11ed-8467-085bd6358b67,6996.969,9782.231
C,8e7fd5a1-71cd-11ed-8288-085bd6358b67,8662.97,8914.729
B,8e7fd5d6-71cd-11ed-858c-085bd6358b67,3370.103,8391.692
A,8e7fd60f-71cd-11ed-827c-085bd6358b67,3542.411,3594.337
F,8e7fd649-71cd-11ed-b253-085bd6358b67,5257.287,788.005
B,8e7fd67e-71cd-11ed-8c78-085bd6358b67,3647.774,2268.726
F,8e7fd6b7-71cd-11ed-8667-085bd6358b67,9685.111,4075.103
B,8e7fd6ef-71cd-11ed-846a-085bd6358b67,9450.945,358.194
A,8e7fd728-71cd-11ed-975f-085bd6358b67,1112.406,309.284
G,8e7fd75d-71cd-11ed-97d2-085bd6358b67,9720.693,1355.63
G,8e7fd797-71cd-11ed-b233-085bd6358b67,7361.216,4457.568
G,8e7fd7d1-71cd-11ed-b441-085bd6358b67,528.313,7645.555
A,8e7fd804-71cd-11ed-9038-085bd6358b67,7268.582,5546.083
F,8e7fd83c-71cd-11ed-a5af-085bd6358b67,9043.075,8749.068
G,8e7fd87a-71cd-11ed-a226-085bd6358b67,1416.739,7172.771
G,8e7fd8ae-71cd-11ed-8476-085bd6358b67,2996.365,8922.427
G,8e7fd8e7-71cd-11ed-923b-085bd6358b67,4953.24,2392.486
C,8e7fd921-71cd-11ed-9f6f-085bd6358b67,2605.303,7969.621
F,8e7fd959-71cd-11ed-98a7-085bd6358b67,4670.411,5284.99
F,8e7fd991-71cd-11ed-b72e-085bd6358b67,7304.188,1676.25
G,8e7fd9ca-71cd-11ed-8287-085bd6358b67,8916.517,7067.727
B,8e7fda0d-71cd-11ed-a30f-085bd6358b67,5215.164,441.761
F,8e7fdb00-71cd-11ed-8b9d-085bd6358b67,5985.235,5626.39
A,8e7fdb3e-71cd-11ed-990e-085bd6358b67,3104.056,2159.297
A,8e7fdb73-71cd-11ed-998b-085bd6358b67,9026.227,5456.598
F,8e7fdbb1-71cd-11ed-956c-085bd6358b67,5012.56,584.516
C,8e7fdbea-71cd-11ed-abac-085bd6358b67,8388.733,9155.853
F,8e7fdc1e-71cd-11ed-b525-085bd6358b67,6470.937,8041.404
F,8e7fdc57-71cd-11ed-92a6-085bd6358b67,5621.248,1630.783
F,8e7fdc91-71cd-11ed-bbec-085bd6358b67,6908.756,2189.483
F,8e7fdcc6-71cd-11ed-b682-085bd6358b67,2788.674,9925.74
F,8e7fdcfe-71cd-11ed-9da0-085bd6358b67,3562.792,4690.048
B,8e7fdd38-71cd-11ed-ad83-085bd6358b67,9805.944,5369.881
G,8e7fdd83-71cd-11ed-9aff-085bd6358b67,4770.252,2003.134
G,8e7fddb8-71cd-11ed-87f9-085bd6358b67,7963.158,2626.292
A,8e7fddfc-71cd-11ed-8341-085bd6358b67,8483.815,5667.11
C,8e7fde35-71cd-11ed-b344-085bd6358b67,3303.564,3679.483
B,8e7fde6d-71cd-11ed-b9d4-085bd6358b67,3251.085,1479.919
A,8e7fdea6-71cd-11ed-b014-085bd6358b67,2892.967,8819.517
A,8e7fdee0-71cd-11ed-b37d-085bd6358b67,4186.095,8986.475
B,8e7fdf15-71cd-11ed-826e-085bd6358b67,9066.87,6807.64
C,8e7fdf4f-71cd-11ed-b3df-085bd6358b67,4478.736,5874.184
C,8e7fdf87-71cd-11ed-b4d4-085bd6358b67,2235.887,1833.56
G,8e7fdfc0-71cd-11ed-b033-085bd6358b67,8760.519,2276.55
F,8e7fdff9-71cd-11ed-a2fe-085bd6358b67,4736.921,8390.999
B,8e7fe032-71cd-11ed-831c-085bd6358b67,1054.314,8437.077
G,8e7fe068-71cd-11ed-aa3d-085bd6358b67,162.194,6890.087
A,8e7fe0af-71cd-11ed-8ed4-085bd6358b67,3148.213,1304.314
A,8e7fe0e7-71cd-11ed-abac-085bd6358b67,5638.838,7122.826
B,8e7fe120-71cd-11ed-927b-085bd6358b67,215.443,433.514
A,8e7fe156-71cd-11ed-a095-085bd6358b67,2618.42,9977.898
F,8e7fe190-71cd-11ed-8b57-085bd6358b67,4567.874,2496.734
B,8e7fe1c5-71cd-11ed-8301-085bd6358b67,3161.695,1802.846
B,8e7fe1fd-71cd-11ed-9bf8-085bd6358b67,812.333,4960.79
F,8e7fe235-71cd-11ed-8af7-085bd6358b67,6864.629,9397.98
F,8e7fe26e-71cd-11ed-a9e6-085bd6358b67,1727.826,2930.893
F,8e7fe2a3-71cd-11ed-a594-085bd6358b67,5578.332,7785.922
C,8e7fe2e2-71cd-11ed-98c9-085bd6358b67,3378.41,8436.949
B,8e7fe317-71cd-11ed-a317-085bd6358b67,2298.306,4657.715
C,8e7fe359-71cd-11ed-b132-085bd6358b67,3120.961,7367.729
F,8e7fe395-71cd-11ed-831b-085bd6358b67,9245.424,4687.179
F,8e7fe3d3-71cd-11ed-af9e-085bd6358b67,1061.52,6035.77
B,8e7fe411-71cd-11ed-b3f4-085bd6358b67,9770.646,4661.486
A,8e7fe44b-71cd-11ed-a89a-085bd6358b67,641.838,3241.681
B,8e7fe48e-71cd-11ed-ba97-085bd6358b67,274.641,4454.42
A,8e7fe4c6-71cd-11ed-a85f-085bd6358b67,4456.265,6968.063
F,8e7fe4fb-71cd-11ed-b012-085bd6358b67,8367.084,1892.312
A,8e7fe534-71cd-11ed-aeb9-085bd6358b67,7887.795,5220.423
F,8e7fe56e-71cd-11ed-9936-085bd6358b67,9932.971,8046.696
A,8e7fe5a7-71cd-11ed-a069-085bd6358b67,8930.723,8744.393
B,8e7fe5e0-71cd-11ed-a047-085bd6358b67,1320.02,6122.219
B,8e7fe614-71cd-11ed-889e-085bd6358b67,107.543,7745.915
B,8e7fe652-71cd-11ed-b02c-085bd6358b67,9337.106,5786.361
B,8e7fe687-71cd-11ed-a425-085bd6358b67,3297.325,3298.15
F,8e7fe6c1-71cd-11ed-9ea4-085bd6358b67,8851.786,2055.912
B,8e7fe6fa-71cd-11ed-9a39-085bd6358b67,7231.322,5219.519
A,8e7fe72e-71cd-11ed-ace2-085bd6358b67,3953.07,7198.77
F,8e7fe775-71cd-11ed-8551-085bd6358b67,5572.49,8617.303
C,8e7fe7ae-71cd-11ed-80a6-085bd6358b67,302.16,1219.803
G,8e7fe7e8-71cd-11ed-99fe-085bd6358b67,4954.019,111.893
A,8e7fe822-71cd-11ed-bfc7-085bd6358b67,789.57,2781.864
A,8e7fe85a-71cd-11ed-b28f-085bd6358b67,9377.087,6879.769
F,8e7fe893-71cd-11ed-9873-085bd6358b67,7464.678,6681.275
C,8e7fe8c8-71cd-11ed-a503-085bd6358b67,7854.531,5527.739
B,8e7fe901-71cd-11ed-a270-085bd6358b67,7210.815,5340.03
A,8e7fe937-71cd-11ed-b4cb-085bd6358b67,8931.843,4569.747
G,8e7fe96f-71cd-11ed-98f6-085bd6358b67,88.359,1763.657
C,8e7fe9a8-71cd-11ed-a5b7-085bd6358b67,1019.849,285.537
F,8e7fe9e1-71cd-11ed-80b8-085bd6358b67,6998.347,2510.736
G,8e7fea1a-71cd-11ed-a7e5-085bd6358b67,6661.535,8102.589
A,8e7fea4f-71cd-11ed-9ef6-085bd6358b67,2997.254,7586.181
A,8e7fea89-71cd-11ed-8461-085bd6358b67,9898.754,9287.753
G,8e7feac2-71cd-11ed-a91c-085bd6358b67,1065.981,9177.006
C,8e7feaf6-71cd-11ed-9e53-085bd6358b67,6987.441,2368.149
F,8e7feb2f-71cd-11ed-898f-085bd6358b67,2937.921,6054.672
C,8e7feb68-71cd-11ed-af53-085bd6358b67,324.952,7254.983
C,8e7febac-71cd-11ed-bea7-085bd6358b67,991.404,622.12
G,8e7febe5-71cd-11ed-b683-085bd6358b67,7282.635,9021.52
C,8e7fec1d-71cd-11ed-b847-085bd6358b67,1131.12,3449.204
F,8e7fec56-71cd-11ed-80f6-085bd6358b67,6695.042,6820.901
A,8e7fec90-71cd-11ed-a9f0-085bd6358b67,2190.405,3510.568
B,8e7fecc5-71cd-11ed-ad81-085bd6358b67,892.896,144.806
C,8e7fecff-71cd-11ed-a72b-085bd6358b67,9734.124,5962.797
C,8e7fed38-71cd-11ed-be9d-085bd6358b67,9797.951,8246.795
B,8e7fed70-71cd-11ed-9c62-085bd6358b67,4595.667,5085.663
F,8e7fedbb-71cd-11ed-823b-085bd6358b67,9512.659,880.439
F,8e7fedf4-71cd-11ed-a530-085bd6358b67,6027.255,1741.936
B,8e7fee29-71cd-11ed-966c-085bd6358b67,7286.618,9024.701
C,8e7fee62-71cd-11ed-a008-085bd6358b67,7826.477,9121.37
B,8e7fee9b-71cd-11ed-b831-085bd6358b67,219.025,2635.555
G,8e7feed2-71cd-11ed-a1bb-085bd6358b67,1797.166,8149.955
B,8e7fef0f-71cd-11ed-9573-085bd6358b67,4659.921,7382.999
A,8e7fef44-71cd-11ed-a3bb-085bd6358b67,9074.782,8502.298
F,8e7fef7e-71cd-11ed-8a71-085bd6358b67,3412.248,8333.703
B,8e7fefb8-71cd-11ed-beec-085bd6358b67,1070.289,741.434
B,8e7fefec-71cd-11ed-aa85-085bd6358b67,306.138,8378.396
B,8e7ff025-71cd-11ed-aa40-085bd6358b67,4750.407,1426.955
A,8e7ff05d-71cd-11ed-a073-085bd6358b67,4984.664,2014.252
B,8e7ff097-71cd-11ed-b99b-085bd6358b67,7398.679,1657.98
F,8e7ff0d6-71cd-11ed-a7c6-085bd6358b67,3737.464,2352.846
G,8e7ff113-71cd-11ed-9682-085bd6358b67,544.306,4211.674
B,8e7ff148-71cd-11ed-89d5-085bd6358b67,824.362,8284.462
B,8e7ff185-71cd-11ed-a769-085bd6358b67,6421.52,9448.861
G,8e7ff1ba-71cd-11ed-b79e-085bd6358b67,7320.618,6278.902
F,8e7ff1f4-71cd-11ed-a2fd-085bd6358b67,9530.604,9471.578
A,8e7ff22d-71cd-11ed-8749-085bd6358b67,4148.461,4509.869
G,8e7ff265-71cd-11ed-b623-085bd6358b67,3862.165,7280.107
G,8e7ff2ad-71cd-11ed-b375-085bd6358b67,9221.37,5048.608
F,8e7ff2e6-71cd-11ed-b1e1-085bd6358b67,343.005,4868.909
G,8e7ff31b-71cd-11ed-9b00-085bd6358b67,584.632,9542.263
C,8e7ff355-71cd-11ed-8546-085bd6358b67,5929.624,2483.389
F,8e7ff38e-71cd-11ed-82b4-085bd6358b67,8635.722,7875.358
F,8e7ff3c6-71cd-11ed-ab05-085bd6358b67,8848.715,1212.524
F,8e7ff3fb-71cd-11ed-879c-085bd6358b67,4434.698,6400.502
A,8e7ff434-71cd-11ed-a699-085bd6358b67,6043.163,9060.269
A,8e7ff473-71cd-11ed-89d4-085bd6358b67,8606.477,2599.733
B,8e7ff4a7-71cd-11ed-84db-085bd6358b67,1099.636,5593.358
F,8e7ff4e4-71cd-11ed-b01b-085bd6358b67,5661.645,6812.096
C,8e7ff518-71cd-11ed-8b3d-085bd6358b67,8096.535,2687.686
A,8e7ff552-71cd-11ed-9b8d-085bd6358b67,5061.909,1007.256
B,8e7ff587-71cd-11ed-b20b-085bd6358b67,712.979,8131.213
G,8e7ff5c1-71cd-11ed-8060-085bd6358b67,6225.194,2972.386
B,8e7ff5fa-71cd-11ed-85bb-085bd6358b67,2576.219,6250.111
A,8e7ff632-71cd-11ed-a229-085bd6358b67,8134.948,1718.038
G,8e7ff666-71cd-11ed-a7b4-085bd6358b67,3035.276,426.708
A,8e7ff6a0-71cd-11ed-8bfb-085bd6358b67,442.429,4686.629
B,8e7ff6d5-71cd-11ed-aa55-085bd6358b67,7469.595,6023.873
F,8e7ff70f-71cd-11ed-840c-085bd6358b67,2152.658,9644.457
G,8e7ff748-71cd-11ed-91ed-085bd6358b67,3828.413,3294.487
C,8e7ff77f-71cd-11ed-9e2e-085bd6358b67,972.357,9867.019
F,8e7ff7b8-71cd-11ed-a9c8-085bd6358b67,5678.648,6284.928
F,8e7ff7f1-71cd-11ed-b373-085bd6358b67,9809.747,9523.049
B,8e7ff826-71cd-11ed-890d-085bd6358b67,5299.088,7003.463
F,8e7ff85f-71cd-11ed-8bbd-085bd6358b67,8907.744,7522.44
C,8e7ff898-71cd-11ed-87b8-085bd6358b67,2966.948,6807.032
C,8e7ff8cf-71cd-11ed-b86b-085bd6358b67,9981.901,2761.745
B,8e7ff908-71cd-11ed-b581-085bd6358b67,5862.35,3621.252
A,8e7ff93c-71cd-11ed-8f5f-085bd6358b67,3881.171,285.074
A,8e7ff976-71cd-11ed-a672-085bd6358b67,8466.323,2839.281
G,8e7ff9be-71cd-11ed-9546-085bd6358b67,4419.47,2036.385
C,8e7ff9f8-71cd-11ed-a779-085bd6358b67,4239.762,6174.403
B,8e7ffa3e-71cd-11ed-a29c-085bd6358b67,9597.164,8260.189
F,8e7ffa77-71cd-11ed-bb4a-085bd6358b67,7381.034,8760.922
G,8e7ffaac-71cd-11ed-9541-085bd6358b67,6078.319,3309.733
B,8e7ffae6-71cd-11ed-bb3b-085bd6358b67,8782.749,1193.681
B,8e7ffb1e-71cd-11ed-a7c3-085bd6358b67,8149.663,6272.306
G,8e7ffb53-71cd-11ed-8eec-085bd6358b67,9848.87,3789.318
G,8e7ffb8b-71cd-11ed-a8f4-085bd6358b67,3844.76,8961.747
C,8e7ffbc5-71cd-11ed-acf7-085bd6358b67,975.588,4443.181
F,8e7ffbff-71cd-11ed-b594-085bd6358b67,9825.443,8242.99
F,8e7ffc34-71cd-11ed-a2df-085bd6358b67,3789.122,1786.755
F,8e7ffc6c-71cd-11ed-96cb-085bd6358b67,7617.531,8638.232
F,8e7ffca5-71cd-11ed-a0e6-085bd6358b67,6596.593,9344.828
C,8e7ffcde-71cd-11ed-a99a-085bd6358b67,9759.826,2527.641
F,8e7ffd13-71cd-11ed-b7d5-085bd6358b67,197.743,9221.842
A,8e7ffd4d-71cd-11ed-9733-085bd6358b67,1317.617,5317.378
C,8e7ffd86-71cd-11ed-9402-085bd6358b67,7779.056,9077.657
F,8e7ffdbe-71cd-11ed-a811-085bd6358b67,7371.045,3741.543
A,8e7ffdf7-71cd-11ed-a8df-085bd6358b67,2142.798,9429.995
B,8e7ffe2c-71cd-11ed-8a3e-085bd6358b67,9116.971,5361.069
B,8e7ffe66-71cd-11ed-8970-085bd6358b67,1988.987,6783.774
G,8e7ffea0-71cd-11ed-90a1-085bd6358b67,1217.573,2060.177
A,8e7ffed8-71cd-11ed-a14c-085bd6358b67,6730.165,6424.397
B,8e7fff0d-71cd-11ed-8a0e-085bd6358b67,9980.577,3277.391
A,8e7fff46-71cd-11ed-a8dc-085bd6358b67,9211.312,9459.761
C,8e7fff7f-71cd-11ed-bc8e-085bd6358b67,261.247,7103.02
